dataset,raw_index,algorithm_raw,algo_row,input_kind,algorithm,source_orig_parsed_expr,source_orig_parsed_n_params,source_before_nodes,n_rank,before_params,after_params,rank_gap,simpl_parsed_n_params,parsed_rank_gap,runtime_ms,peak_rss_mb,passes,egraph_total_size,egraph_nodes,eclass_count,extracted_cost,rendered
pagie,25,Bingo,25,sympy,Bingo,exp(2.377396411352944 * (log(x0 * x1) + 0.3582973557925481) / (log(x0) + 8.605174590777912)),3.0,18.0,2.0,3.0,3.0,1.0,3.0,1.0,96.8623750086408,118.9375,1.0,46.0,na,na,14.0,exp(2.377396411352944 * (log(x0 * x1) + 0.3582973557925481) / (log(x0) + 8.605174590777912))
pagie,25,Bingo,25,original,Bingo,exp(-2.377396411352944 * ((-10.503285479940024 - log(abs(0.14985143797609368 * x0))) ** (-1.0) * log(abs(1.4308910409656768 * (x0 * x1))))),4.0,16.0,2.0,4.0,4.0,2.0,4.0,2.0,99.16262500337324,118.21875,1.0,47.0,na,na,20.0,exp(-2.377396411352944 * ((-10.503285479940024 - log(abs(0.14985143797609368 * x0))) ** (-1.0) * log(abs(1.4308910409656768 * (x0 * x1)))))
pagie,167,SBP,17,original,SBP,-0.065845 - 0.048266 * (x0 - (x1 + x1) - (x1 + (x1 + (x1 + (3.579 - x0) * ((3.247 - x0) * x0)) - x1 * x1))),4.0,27.0,3.0,4.0,4.0,1.0,4.0,1.0,234.34704198734835,120.296875,2.0,390.0,na,na,29.0,-0.065845 - 0.048266 * (x0 - x1 - x1 - x1 - (x1 + (x1 + (3.579 - x0) * ((3.247 - x0) * x0)) - x1 * x1))
pagie,171,SBP,21,original,SBP,0.028119 + 0.006351 * exp(x0 + x0 - x0 * x0 - (x1 + x0 + (-4.674 - x0)) * (x0 - x1 * -0.703 - x0)),4.0,31.0,2.0,4.0,4.0,2.0,4.0,2.0,1763.5103329957929,162.828125,2.0,620.0,na,na,20.0,0.028119 + 0.006351 * exp(x0 + x0 - x0 * x0 + x1 * -0.703 * (-4.674 + x1))
pagie,171,SBP,21,sympy,SBP,0.006351 * exp(-1.0 * x0 ** 2.0 + 2.0 * x0 - 0.703 * x1 ** 2.0 + 3.285822 * x1) + 0.028119,4.0,35.0,2.0,4.0,4.0,2.0,4.0,2.0,1802.806416992098,153.90625,2.0,5699.0,na,na,22.0,0.006351 * exp(2.0 * x0 - x0 ** 2.0 + -0.703 * x1 ** 2.0 + 3.285822 * x1) + 0.028119
pagie,175,SBP,25,sympy,SBP,(0.00540440450573385 * x1 ** 2.0 * (x1 - 6.944) * (x1 - 4.3) * exp(x0) + 0.015024 * exp(x0 * (x0 - 1.0))) * exp(x0 * (1.0 - x0)),4.0,36.0,2.0,4.0,4.0,2.0,4.0,2.0,475.6895829923451,132.484375,2.0,1877.0,na,na,32.0,(0.00540440450573385 * x1 ** 2.0 * (x1 + -6.944) * (x1 + -4.3) * exp(x0) + 0.015024 * exp(x0 * (x0 + -1.0))) * exp(x0 * (1.0 - x0))
pagie,24,Bingo,24,sympy,Bingo,0.2866350699692545 * log(x0 * x1) - 0.1177641535011456 * log(-4625426.158330705 / log(0.5182334989833757 / x1)) + 2.988374508357782,5.0,16.0,3.0,5.0,5.0,2.0,5.0,2.0,1180.3524999995716,143.015625,2.0,5700.0,na,na,18.0,0.2866350699692545 * log(x0 * x1) + -0.1177641535011456 * log(-4625426.158330705 / (-0.65732936805086 - log(x1))) + 2.988374508357782
kotanchek,14,Bingo,14,sympy,Bingo,(0.0506336679649604 * x1 + 0.008870475378536939) * log(2.0 * x1 - 9.541496629390634) / (-1.0 * x0 + 0.3460574947000204 * exp(x0) + 0.35735928587754767),5.0,18.0,3.0,5.0,5.0,2.0,5.0,2.0,3008.655874989927,174.25,2.0,5696.0,na,na,21.0,0.0506336679649604 * (x1 + 0.1751892709940647) * log(2.0 * (x1 + -4.770748314695317)) / (0.35735928587754767 - x0 + exp(x0) / 2.889693231082451)
kotanchek,14,Bingo,14,original,Bingo,(-0.008870475378536939 + -0.0506336679649604 * x1) * ((x0 + -0.3460574947000204 * (1.0326587094648079 + exp(x0))) ** (-1.0) * log(abs(-9.541496629390634 + 2.0 * x1))),5.0,20.0,3.0,5.0,5.0,2.0,5.0,2.0,1945.4557500139344,172.140625,2.0,10608.0,na,na,24.0,(-0.008870475378536939 + -0.0506336679649604 * x1) * ((x0 + -0.3573592858775476 + -0.3460574947000204 * exp(x0)) ** (-1.0) * log(abs(-9.541496629390634 + 2.0 * x1)))
kotanchek,8,Bingo,8,sympy,Bingo,-0.11720391936222797 * x1 * (x0 * (x0 + 1.2816489216174494 * (0.7212632969011202 * x1 - 1.0) ** 2.0 - 6.4849819024041455) - 0.6931234338478329) * exp(-1.0 * x0),5.0,21.0,2.0,5.0,5.0,3.0,5.0,3.0,2809.750417014584,181.921875,2.0,12291.0,na,na,24.0,-0.11720391936222797 * x1 * (x0 * (x0 + 0.6667403548542733 * (x1 - 1.3864562418418644) ** 2.0 - 6.4849819024041455) - 0.6931234338478329) * exp(-1.0 * x0)
pagie,6,Bingo,7,original,Bingo,0.33963694568414915 * log(abs(-35.167844692926785 * (-1.0 * (2.0 ** (-1.0) * 1.1727867299483856 ** (-1.0)) * (x0 * ((58.20319882282552 + x0) * x1)) + log(abs(x1))))) - 1.1727867299483856,5.0,21.0,4.0,5.0,5.0,1.0,5.0,1.0,715.4069590033032,122.265625,2.0,607.0,na,na,21.0,0.33963694568414915 * log(abs(-35.167844692926785 * (-0.42633497398286985 * (x0 * ((58.20319882282552 + x0) * x1)) + log(abs(x1))))) - 1.1727867299483856
kotanchek,27,Bingo,27,original,Bingo,-1.9305547847352778 * ((10.665734721501936 + x0 * (x0 * x0) * (x0 * (x0 * x0)) + 2.057897964881403 * x1 - x0) ** (-1.0) * (0.20556825888097427 + -2.9052829962789213 * x0 + exp(log(abs(x0))) - x1)),5.0,21.0,4.0,5.0,5.0,1.0,5.0,1.0,7473.969624988968,219.125,2.0,21396.0,na,na,32.0,-1.9305547847352778 * ((10.665734721501936 - (x0 - 2.057897964881403 * x1 - (x0 * (x0 * x0)) ** 2.0)) ** (-1.0) * (exp(log(abs(x0))) - x1 - 2.9052829962789213 * (x0 - 0.07075670739968036)))
kotanchek,27,Bingo,27,sympy,Bingo,(3.678253204741038 * x0 + 1.9305547847352778 * x1 - 0.39686078577236517) / (x0 ** 6.0 - x0 + 2.057897964881403 * x1 + 10.665734721501936),5.0,23.0,4.0,5.0,5.0,1.0,5.0,1.0,5744.163499999559,193.625,2.0,16267.0,na,na,21.0,(x0 + x1 / 1.9052829962789213 - 0.10789381907173667) / 0.27186817881679887 / (x0 ** 6.0 - x0 + x1 / 0.48593274159617056 + 10.665734721501936)
kotanchek,21,Bingo,21,sympy,Bingo,0.35701166729086253 * (-1.0 * x0 - exp(x0)) / (0.17850583364543127 * x0 * exp(x0) - exp(0.35701166729086253 * x0 + 0.35701166729086253 * exp(x0)) + log(x0 + exp(x0)) - 1.0299868162495163),5.0,24.0,3.0,5.0,4.0,1.0,4.0,1.0,1994.4551669759676,155.0625,2.0,68.0,na,na,29.0,(x0 + exp(x0)) / -2.8010289063894533 / (0.17850583364543127 * x0 * exp(x0) - exp((x0 + exp(x0)) / 2.8010289063894533) + log(x0 + exp(x0)) + -1.0299868162495163)
pagie,42,EPLEX,13,sympy,EPLEX,log(abs(log(abs(x0 ** 2.0 + 0.694)) + 2.03252032520325 * log(abs(log(abs((13.991224004743 * x1 ** 4.0 + 0.867051) / x1)) + 0.313)))),5.0,27.0,4.0,5.0,5.0,1.0,5.0,1.0,275.05645802011713,122.421875,2.0,742.0,na,na,27.0,log(abs(log(abs(x0 ** 2.0 + 0.694)) + 2.03252032520325 * log(abs(log(abs((x1 ** 4.0 + 0.061971061267125115) * (13.991224004743 / x1))) + 0.313))))
pagie,20,Bingo,20,sympy,Bingo,0.00010507476032088567 * (819.22982975795 * x0 + x1 - 1.9180501896236644) * log(x0 * x1 * (448579.1335037871 * x0 ** 3.0 * x1 ** 3.0 + 569.384534287446)) / x0,5.0,27.0,3.0,5.0,4.0,1.0,4.0,1.0,669.7095409908798,150.9375,2.0,107.0,na,na,24.0,log(x0 * x1 * (448579.1335037871 * x0 ** 3.0 * x1 ** 3.0 + 569.384534287446)) * (0.00010507476032088567 * (x1 / x0 + 819.22982975795))
pagie,169,SBP,19,original,SBP,0.012782 + 0.160826 * (exp(x0 * x0 - exp(x0)) * (x0 - (-13.585 - x0 + exp(2.825 - x1 * x1)) * x0 + 2.825)),5.0,28.0,4.0,5.0,5.0,1.0,5.0,1.0,91.35283299838191,119.203125,1.0,58.0,na,na,28.0,0.012782 + 0.160826 * (exp(x0 * x0 - exp(x0)) * (x0 - (-13.585 - x0 + exp(2.825 - x1 * x1)) * x0 + 2.825))
pagie,175,SBP,25,original,SBP,0.015024 + 291401.986945 * (exp(-17.803 + x0) * ((x1 - 6.944) * x1) * ((x1 - 5.3) * x1 + x1) * exp(x0 - x0 * x0)),5.0,28.0,2.0,5.0,3.0,1.0,3.0,1.0,295.0127079966478,128.375,2.0,629.0,na,na,25.0,0.005404404505733848 * exp(x0) * ((x1 + -6.944) * x1) * ((x1 + -5.3) * x1 + x1) * exp(x0 - x0 * x0)
pagie,23,Bingo,23,original,Bingo,-5.64393372152411 + 0.002708862303985314 * x1 ** (-1.0) + -0.06435725235582418 * ((-2311.5964730737646 - x0) * log(abs(3566206920.7839065 * (x0 ** (-1.0) * x1 ** (-1.0)))) ** (-1.0)),5.0,29.0,4.0,5.0,5.0,1.0,5.0,1.0,748.2411660021171,139.078125,1.0,5904.0,na,na,27.0,-5.64393372152411 + 0.002708862303985314 * x1 ** (-1.0) + -0.06435725235582418 * ((-2311.5964730737646 - x0) * log(abs(3566206920.7839065 * (x0 ** (-1.0) * x1 ** (-1.0)))) ** (-1.0))
pagie,151,SBP,2,original,SBP,0.166642 - 0.018385 * (x0 * x1 + ((-5.488 + x1) * (x1 + 0.546) + x1) * x1 + x0 * x0 + exp(-13.828 * x0)),5.0,30.0,2.0,5.0,5.0,3.0,5.0,3.0,212.3182499781251,120.0,2.0,132.0,na,na,26.0,0.166642 - 0.018385 * (x1 * ((-5.488 + x1) * (x1 + 0.546) + x1 + x0) + x0 * x0 + exp(-13.828 * x0))
kotanchek,20,Bingo,20,original,Bingo,-0.03309619870833754 * (-3.819150332778322 + x0 + (0.03907279509253594 + x0 * x0) * ((-15.272972634101004 + -7.53747357012547 * x1) * exp(x0 * x0) ** (-1.0))),5.0,32.0,4.0,5.0,5.0,1.0,5.0,1.0,783.1636660266668,131.203125,2.0,2837.0,na,na,24.0,-0.03309619870833754 * (-3.819150332778322 + x0 + (0.03907279509253594 + x0 * x0) * (-7.53747357012547 * (x1 + 2.026272131107024) * exp(x0 * x0) ** (-1.0)))
kotanchek,8,Bingo,8,original,Bingo,0.11720391936222797 * (x1 * ((0.6931234338478329 + x0 * (6.4849819024041455 + -0.6667403548542734 * ((-1.3864562418418644 + x1) * (-1.3864562418418644 + x1)) - x0)) * exp(x0) ** (-1.0))),6.0,21.0,2.0,6.0,5.0,3.0,5.0,3.0,144.84004100086167,119.34375,2.0,89.0,na,na,24.0,0.11720391936222797 * (x1 * ((0.6931234338478329 + x0 * (6.4849819024041455 + -0.6667403548542734 * (-1.3864562418418644 + x1) ** 2.0 - x0)) * exp(x0) ** (-1.0)))
kotanchek,26,Bingo,26,sympy,Bingo,(((0.5185123293134022 * x0 + 0.13470217521610287) * (0.0008622481242864235 * exp(x0) - 2.0 * log(x0 + exp(x0))) - 0.11848913269441189 * exp(x0)) * (0.6964203985908678 * exp(x0) - 2.0 * log(x0 + exp(x0))) + 0.2497806421525048 * exp(2.0 * x0)) * exp(-2.0 * x0),6.0,21.0,5.0,6.0,6.0,1.0,6.0,1.0,2810.8872919983696,187.34375,2.0,9776.0,na,na,39.0,0.2497806421525048 + -0.08251824901972855 * (exp(x0) + 8.752065569602333 * (x0 + 0.25978586737652176) * (log(x0 + exp(x0)) + -0.0004311240621432117 * exp(x0))) * (exp(x0) + -2.8718285737275733 * log(x0 + exp(x0))) * exp(-2.0 * x0)
pagie,23,Bingo,23,sympy,Bingo,0.06435725235582418 * x0 / log(3566206920.7839065 / (x0 * x1)) - 5.64393372152411 + 148.7679975624414 / log(3566206920.7839065 / (x0 * x1)) + 0.002708862303985314 / x1,6.0,23.0,4.0,6.0,5.0,1.0,5.0,1.0,1417.1725829946809,152.28125,2.0,2421.0,na,na,18.0,(148.7679975624414 + x0 / 15.538264350863052) / log(3566206920.7839065 / (x0 * x1)) + -5.64393372152411 + 0.002708862303985314 / x1
kotanchek,166,SBP,17,sympy,SBP,x0 * (0.662680172064 - 0.331340086032 * x0) * (0.180440274269217 * x0 - 1.0) ** 2.0 + 0.010788 * x0 + 0.032364 * x1 + 0.109511788,6.0,25.0,3.0,6.0,4.0,1.0,4.0,1.0,8744.130416976986,226.859375,2.0,9188.0,na,na,21.0,0.010788 * (x0 + x0 * (x0 + -5.541999999999997) ** 2.0 * (2.0 - x0)) + 0.032364 * x1 + 0.109511788
pagie,165,SBP,15,original,SBP,1.139001 + 0.01085 * ((x0 * x0 - (-6.659 + x0)) * (-12.488 + x0) - (13.571 - (exp(x0) - x0) - (x1 * 14.814 - exp(x1)))),6.0,26.0,4.0,6.0,5.0,1.0,5.0,1.0,2124.8506249976344,198.46875,2.0,83.0,na,na,27.0,0.01085 * (x1 * 14.814 - x0 + 91.40605069124423 + exp(x0) + ((x0 * x0 + 6.659 - x0) * (-12.488 + x0) - exp(x1)))
pagie,176,SBP,26,sympy,SBP,0.455914378864642 * x0 * exp(-1.0 * x0 ** 2.0 + 1.0 * x0) - 0.001527 * x1 * exp(x1) + 0.0886467577217386 * x1 + 0.001527 * x1 * exp(-16.248 * x0) - 0.06855,6.0,26.0,4.0,6.0,5.0,1.0,5.0,1.0,3436.875457991846,192.546875,2.0,11196.0,na,na,26.0,0.001527 * (x1 * (exp(-16.248 * x0) - -58.0528865237319 - exp(x1)) - -298.56868294999475 * (exp(x0 - x0 ** 2.0) * x0) - 44.89194499017682)
pagie,179,SBP,29,original,SBP,0.105238 - 0.004516 * (x0 - x0 * ((x1 - 5.432) * x1 + x1) * (x0 - x1 - 3.749) * (exp(2.638 - x0) - 1.033)),6.0,28.0,4.0,6.0,6.0,2.0,6.0,2.0,171.90487499465237,119.453125,2.0,126.0,na,na,28.0,0.105238 - 0.004516 * (x0 - x0 * ((x1 - 5.432) * x1 + x1) * (x0 - x1 - 3.749) * (13.985205208250427 / exp(x0) - 1.033))
pagie,172,SBP,22,original,SBP,0.179028 - 0.00963 * (exp(x0 * -15.767) + (exp(x1) - ((x0 + (x0 + x0) - 18.776) * x0 + 18.776) * x0 + -14.972 * x1)),6.0,29.0,4.0,6.0,6.0,2.0,6.0,2.0,2783.6021660186816,189.703125,2.0,12839.0,na,na,29.0,0.179028 - 0.00963 * (exp(x1) - ((x0 + (x0 + x0) - 18.776) * x0 + 18.776) * x0 - (14.972 * x1 - exp(x0 * -15.767)))
pagie,52,EPLEX,23,sympy,EPLEX,log(abs(-0.181476 * log(abs(0.433)) - log(abs((x1 * (0.455625 * x0 ** 2.0 + 0.2386768) + 0.0489999999999999) * log(abs(0.005177690125)) ** 2.0)))),6.0,29.0,3.0,6.0,4.0,1.0,4.0,1.0,158.6893749772571,118.96875,2.0,28.0,na,na,17.0,log(abs(0.15189859708158246 - log(abs(12.622334297124139 * (x1 * (x0 ** 2.0 + 0.5238448285322359) + 0.10754458161865547)))))
pagie,169,SBP,19,sympy,SBP,((0.160826 * x0 * ((x0 + 13.585) * exp(x1 ** 2.0) - 16.860944986089) + (0.160826 * x0 + 0.45433345) * exp(x1 ** 2.0)) * exp(x0 ** 2.0 - exp(x0)) + 0.012782 * exp(x1 ** 2.0)) * exp(-1.0 * x1 ** 2.0),6.0,29.0,4.0,6.0,5.0,1.0,5.0,1.0,2141.5097919816617,179.203125,2.0,6455.0,na,na,28.0,0.012782 + (x0 * (14.585 + x0 + -16.860944986089 * exp(-1.0 * x1 ** 2.0)) + 2.825) * 0.160826 * exp(x0 ** 2.0 - exp(x0))
pagie,163,SBP,13,sympy,SBP,-0.08391322 * x0 ** 2.0 + 0.11393234 * x0 + 0.15719644 * x1 + 0.01063 * exp(x0) - 0.01063 * exp(x1) + 0.103875,6.0,33.0,4.0,6.0,5.0,1.0,5.0,1.0,4976.137874997221,218.890625,2.0,9887.0,na,na,23.0,-0.01063 * (exp(x1) - exp(x0)) + (-0.08391322 * x0 ** 2.0 + 0.11393234 * x0 + 0.15719644 * x1) + 0.103875
pagie,45,EPLEX,16,sympy,EPLEX,log(abs(0.831726022794283 * log(abs(-3.3112582781457 * log(abs(log(abs(-0.021)) - 0.607 * exp(1.8450184501845 * log(abs(2.23713646532438 * x1 * exp(log(abs(x0)))))))))) ** 2.0)),6.0,33.0,5.0,6.0,6.0,1.0,6.0,1.0,160.80258300644346,118.9375,2.0,53.0,na,na,29.0,log(abs(0.831726022794283 * log(abs(-3.3112582781457 * log(abs(-0.607 * (exp(1.8450184501845 * log(abs(2.23713646532438 * x1 * exp(log(abs(x0)))))) + 6.364469260722758))))) ** 2.0))
kotanchek,20,Bingo,20,sympy,Bingo,((0.1263993583106448 - 0.03309619870833754 * x0) * exp(x0 ** 2.0) + 0.03309619870833754 * (x0 ** 2.0 + 0.03907279509253594) * (7.53747357012547 * x1 + 15.272972634101004)) * exp(-1.0 * x0 ** 2.0),6.0,34.0,4.0,6.0,5.0,1.0,5.0,1.0,4363.988458004314,223.109375,2.0,7229.0,na,na,24.0,0.1263993583106448 + -0.03309619870833754 * x0 + 0.24946172303571493 * ((x0 ** 2.0 + 0.03907279509253594) * (x1 + 2.026272131107024)) * exp(-1.0 * x0 ** 2.0)
kotanchek,26,Bingo,26,original,Bingo,0.2497806421525048 + (-0.6964203985908678 + 2.0 * (exp(x0) ** (-1.0) * log(abs(x0 + exp(x0))))) * (0.11848913269441189 + (0.13470217521610287 + 0.5185123293134022 * x0) * (-0.0008622481242864235 + 2.0 * (exp(x0) ** (-1.0) * log(abs(x0 + exp(x0)))))),6.0,36.0,5.0,6.0,6.0,1.0,6.0,1.0,175.2734580077231,120.484375,2.0,56.0,na,na,37.0,0.2497806421525048 + 2.0740493172536087 * (exp(x0) ** (-1.0) * log(abs(x0 + exp(x0))) + -0.3482101992954339) * ((exp(x0) ** (-1.0) * log(abs(x0 + exp(x0))) + -0.00043112406214321176) * (x0 + 0.25978586737652176) + 0.11425874178470499)
pagie,5,Bingo,6,sympy,Bingo,0.0885895005060784 * log((-1.0 * x0 ** 2.0 + x1 * (x0 + 28890.10432966032) * (0.00031788258514714706 * x0 ** 2.0 * x1 + 1.921452087284219e-06)) ** 2.0 / (3.461392830531733e-05 * x0 + 1.0) ** 2.0) + 0.7156288226929969,6.0,37.0,5.0,6.0,6.0,1.0,6.0,1.0,3411.1172500124667,162.609375,2.0,7757.0,na,na,32.0,0.0885895005060784 * (28.620540840391467 + log((x0 ** 2.0 + x1 * (x0 + 28890.10432966032) * (-0.00031788258514714706 * (x1 * x0 ** 2.0 + 0.006044533979094147))) ** 2.0 / (x0 + 28890.104329660317) ** 2.0))
pagie,0,Bingo,1,original,Bingo,0.5240322255066139 + -0.45351118068033663 * log(abs(-54.93119319072758 + 755.3723998652232 * log(abs(-2.0 * (x0 * x1 ** (-1.0)) + -66438756992.645454 * (x0 * x1))) ** (-1.0) + log(abs(-2.0 * (x0 * x1 ** (-1.0)) + -66438756992.645454 * (x0 * x1))))),6.0,43.0,4.0,6.0,6.0,2.0,6.0,2.0,554.1983339935541,129.984375,2.0,1276.0,na,na,39.0,0.5240322255066139 + -0.45351118068033663 * log(abs(-54.93119319072758 + 755.3723998652232 * log(abs(-2.0 * (x0 * (x1 ** (-1.0) + 33219378496.322727 * x1)))) ** (-1.0) + log(abs(-2.0 * (x0 * (x1 ** (-1.0) + 33219378496.322727 * x1))))))
pagie,28,Bingo,28,original,Bingo,17.519637627145645 + -3.529837319764648 * (log(abs(-3.3162197817782353 + 76.20364329715497 * log(abs(900226.4764680645 * (x0 * x1))) ** (-1.0))) ** (-1.0) * log(abs(-3.139766204630333 * (x0 ** (-1.0) * (x1 ** (-1.0) * log(abs(900226.4764680645 * (x0 * x1)))))))),7.0,17.0,2.0,7.0,7.0,5.0,7.0,5.0,114.85545799951068,118.40625,1.0,122.0,na,na,41.0,17.519637627145645 + -3.529837319764648 * (log(abs(-3.3162197817782353 + 76.20364329715497 * log(abs(900226.4764680645 * (x0 * x1))) ** (-1.0))) ** (-1.0) * log(abs(-3.139766204630333 * (x0 ** (-1.0) * (x1 ** (-1.0) * log(abs(900226.4764680645 * (x0 * x1))))))))
pagie,24,Bingo,24,original,Bingo,log(abs(0.8889056731853394)) * (-25.375926540572554 + -2.4339755472913582 * log(abs(x0 * x1)) + log(abs(-4625426.158330705 * log(abs(log(abs(0.8889056731853394 + 0.8889056731853394 * 0.8889056731853394)) * x1 ** (-1.0))) ** (-1.0)))),7.0,20.0,3.0,7.0,5.0,2.0,5.0,2.0,452.65304201166146,128.484375,2.0,757.0,na,na,25.0,-0.11776415350114562 * (-2.4339755472913582 * (log(abs(x0 * x1)) + 10.425711371181222) + log(abs(-4625426.158330705 * log(abs(0.5182334989833758 * x1 ** (-1.0))) ** (-1.0))))
pagie,179,SBP,29,sympy,SBP,(0.004516 * x0 * x1 * (x1 - 4.432) * (1.033 * exp(x0) - 13.9852052082504) * (-1.0 * x0 + x1 + 3.749) + (0.105238 - 0.004516 * x0) * exp(x0)) * exp(-1.0 * x0),7.0,28.0,4.0,7.0,6.0,2.0,6.0,2.0,4835.113832989009,200.65625,2.0,1048.0,na,na,28.0,0.004516 * (23.303365810451727 - x0 + (1.033 + -13.9852052082504 * exp(-1.0 * x0)) * ((x1 - x0 + 3.749) * ((x1 + -4.432) * (x1 * x0))))
pagie,167,SBP,17,sympy,SBP,0.048266 * x0 * (x0 - 3.579) * (x0 - 3.247) - 0.048266 * x0 - 0.048266 * x1 ** 2.0 + 0.24133 * x1 - 0.065845,7.0,29.0,3.0,7.0,4.0,1.0,4.0,1.0,3502.737667004112,210.8125,2.0,50.0,na,na,21.0,-0.048266 * (-5.0 * x1 - (x0 * (x0 * (x0 + -6.8260000000000005) + 10.621013) - x1 ** 2.0) - -1.3642108316413208)
pagie,165,SBP,15,sympy,SBP,0.01085 * x0 ** 3.0 - 0.1463448 * x0 ** 2.0 + 0.19689495 * x0 + 0.1607319 * x1 + 0.01085 * exp(x0) - 0.01085 * exp(x1) + 0.0894957768,7.0,30.0,4.0,7.0,5.0,1.0,5.0,1.0,7690.013417013688,260.796875,2.0,26059.0,na,na,27.0,0.19689495000000004 * x0 + -0.01085 * (exp(x1) - (exp(x0) + 14.814 * x1) - x0 ** 3.0) + -0.1463448 * x0 ** 2.0 + 0.0894957768
pagie,45,EPLEX,16,original,EPLEX,log(abs(log(abs(log(abs(log(abs(-0.021)) - 0.607 / exp(log(abs(x1 / (0.447 / exp(log(abs(x0)))))) / -0.542))) / -0.302)) ** 2.0 / -0.927 / -1.297)),7.0,33.0,5.0,7.0,6.0,1.0,6.0,1.0,173.3427080034744,118.390625,2.0,129.0,na,na,29.0,log(abs(0.8317260227942834 * log(abs(-3.3112582781456954 * log(abs(-0.607 * (exp(1.8450184501845017 * log(abs(2.237136465324385 * x1 * exp(log(abs(x0)))))) + 6.364469260722758))))) ** 2.0))
kotanchek,208,SRjl,29,sympy,PySR,0.5126111526206354 * x1 * (0.6214063774224301 * x0 * x1 * (1.8394445968539719 * x0 + 3.0 * x1 - 0.16055540314602817 * exp(x1) - 0.6904329788496647) + x1 - 0.2570477604364112) * exp(-0.6022120672089649 * x0 ** 2.0 - x1),7.0,39.0,6.0,7.0,7.0,1.0,7.0,1.0,5349.660124978982,191.40625,2.0,14783.0,na,na,33.0,0.585936386423514 * (x1 * (x0 * (x0 + 1.6309270771900075 * x1 - 0.08728471812667168 * exp(x1) - 0.37534861339695796) + 0.8748580298102887) - 0.22488029726254577) * x1 * exp(-0.6022120672089649 * x0 ** 2.0 - x1)
pagie,59,EPLEX,30,sympy,EPLEX,exp(log(abs(log(abs(log(abs(-13.1752305665349 * x0 * x1 * (exp(log(abs(log(abs(-0.829187396351575 * x0 * x1)) + 0.01646))) + 1.224793743616) * exp(-1.0 * log(abs(log(abs(log(abs(log(abs(log(abs(0.0547887931034483 * log(abs(log(abs(0.59691 / x0)))) * exp(log(abs(log(abs(log(abs(-1.58166591955662 * x1))))))) / (x0 * x1))))))))))))))))))),7.0,89.0,6.0,7.0,7.0,1.0,7.0,1.0,254.0875000122469,120.171875,2.0,296.0,na,na,65.0,exp(log(abs(log(abs(log(abs(-13.1752305665349 * x0 * x1 * (exp(log(abs(log(abs(-0.829187396351575 * x0 * x1)) + 0.01646))) + 1.224793743616) * exp(-1.0 * log(abs(log(abs(log(abs(log(abs(log(abs(exp(log(abs(log(abs(log(abs(-1.58166591955662 * x1))))))) * (log(abs(log(abs(0.59691 / x0)))) * (0.0547887931034483 / (x0 * x1)))))))))))))))))))))
pagie,28,Bingo,28,sympy,Bingo,17.519637627145645 - 3.529837319764648 * log(-3.139766204630333 * log(x0 * x1) / (x0 * x1) - 43.04745575625259 / (x0 * x1)) / log(-3.3162197817782353 * log(x0 * x1) / (log(x0 * x1) + 13.71040165117035) + 30.73693812541886 / (log(x0 * x1) + 13.71040165117035)),8.0,15.0,2.0,8.0,7.0,5.0,7.0,5.0,991.0750830022153,147.421875,2.0,85.0,na,na,34.0,-3.529837319764648 * (log((log(x0 * x1) - -13.710401651170352) * (-3.139766204630333 / (x0 * x1))) / log((log(x0 * x1) + -9.268667382756215) * (-3.3162197817782353 / (log(x0 * x1) - -13.710401651170352))) + -4.963298883222688)
kotanchek,24,Bingo,24,original,Bingo,0.006514843839523813 + (0.012790360845057828 + -0.13720269441638683 * ((x0 + x0 * x0) * (2.4024045089083383 + x1))) * (-1.5068813313136211 + -0.32506758388128154 * exp(x0 * x0) - x0 * x0) ** (-1.0) + exp(-1.5068813313136211 + -0.32506758388128154 * exp(x0 * x0)),8.0,28.0,5.0,8.0,8.0,3.0,8.0,3.0,1034.4493330048865,149.34375,1.0,6478.0,na,na,40.0,0.006514843839523813 + (0.012790360845057828 + -0.13720269441638683 * ((x0 + x0 * x0) * (2.4024045089083383 + x1))) * (-1.5068813313136211 + -0.32506758388128154 * exp(x0 * x0) - x0 * x0) ** (-1.0) + exp(-1.5068813313136211 + -0.32506758388128154 * exp(x0 * x0))
kotanchek,24,Bingo,24,sympy,Bingo,(0.13720269441638683 * (x0 ** 2.0 + x0) * (x1 + 2.4024045089083383) - 0.012790360845057828) / (x0 ** 2.0 + 0.32506758388128154 * exp(x0 ** 2.0) + 1.5068813313136211) + 0.006514843839523813 + 0.22159999840345782 * exp(-0.32506758388128154 * exp(x0 ** 2.0)),8.0,33.0,5.0,8.0,8.0,3.0,8.0,3.0,3269.6411669894587,181.84375,2.0,11470.0,na,na,38.0,(0.13720269441638683 * (x0 ** 2.0 + x0) * (x1 + 2.4024045089083383) + -0.012790360845057828) / (x0 ** 2.0 + exp(x0 ** 2.0) / 3.07628336255519 + 1.5068813313136211) + 0.006514843839523813 + exp(-0.32506758388128154 * exp(x0 ** 2.0)) / 4.512635411573163
pagie,172,SBP,22,sympy,SBP,0.02889 * x0 ** 3.0 - 0.18081288 * x0 ** 2.0 + 0.18081288 * x0 + 0.14418036 * x1 - 0.00963 * exp(x1) + 0.179028 - 0.00963 * exp(-15.767 * x0),8.0,40.0,4.0,8.0,5.0,1.0,5.0,1.0,5990.968208992854,223.59375,2.0,13074.0,na,na,29.0,-0.00963 * (-3.0 * x0 ** 3.0 + (exp(x1) + -14.972000000000001 * x1 + -18.776000000000003 * (x0 - x0 ** 2.0)) + (exp(-15.767 * x0) + -18.590654205607475))
pagie,151,SBP,2,sympy,SBP,-0.018385 * x0 ** 2.0 - 0.018385 * x0 * x1 - 0.018385 * x1 ** 3.0 + 0.07247367 * x1 ** 2.0 + 0.05508969648 * x1 + 0.166642 - 0.018385 * exp(-13.828 * x0),8.0,40.0,2.0,8.0,5.0,3.0,5.0,3.0,2957.1284590056166,171.984375,2.0,7093.0,na,na,28.0,-0.018385 * (exp(-13.828 * x0) + (x1 * (-2.996448 + x0) + x0 ** 2.0) + x1 ** 3.0) + 0.166642 + 0.07247367 * x1 ** 2.0
kotanchek,193,SRjl,14,original,PySR,exp(-0.7318040896636137 - x0 * x0 + (x0 + x0 - x1)) * ((x1 - -0.039858290344846364) / 0.9598793817164541 * x1 - exp(0.13235515895495698 - x0 + (x0 + 0.09098361423696229 - x1) * x1) * (x1 * (x1 / 0.9039712460608937) - 0.16031841194029647 / 0.9446831697758643)),8.0,41.0,5.0,8.0,7.0,2.0,7.0,2.0,397.0717079937458,134.09375,2.0,2513.0,na,na,41.0,exp(-0.7318040896636137 - x0 * x0 + (x0 + x0 - x1)) * (1.0417975623268438 * (x1 + 0.039858290344846364) * x1 + -1.1062298766222456 * (exp(0.13235515895495698 - x0 + (x0 + 0.09098361423696229 - x1) * x1) * (x1 * x1 + -0.15340935378636839)))
pagie,120,Operon,1,sympy,Operon,0.22864008270232225 * exp(-9.69348884031831 * x0 ** 2.0 - exp(-1.0047436520881448 * x1 ** 2.0)) + 0.3440097684222109 + 1.635892432732362 * exp(-1.0 * exp(-1.0047436520881448 * x1 ** 2.0)) - 1.1765190489038249 * exp(-0.8640792395159441 * x0 ** 2.0),8.0,46.0,7.0,8.0,8.0,1.0,8.0,1.0,4117.833625001367,177.375,1.0,12784.0,na,na,38.0,0.22864008270232225 * exp(-9.69348884031831 * x0 ** 2.0 - exp(-1.0047436520881448 * x1 ** 2.0)) + 0.3440097684222109 + 1.635892432732362 * exp(-1.0 * exp(-1.0047436520881448 * x1 ** 2.0)) - 1.1765190489038249 * exp(-0.8640792395159441 * x0 ** 2.0)
pagie,15,Bingo,16,original,Bingo,-0.0016724665952508537 * (292.42415431458545 + x1 + -1.0 * (-314.9892428270721) ** (-1.0) * (x0 ** (-1.0) * x1 ** (-1.0) * ((39.54832653926522 + x1) * log(abs(-314.9892428270721 * (x0 * x1))))) + -240.49898207944213 * log(abs(-314.9892428270721 * (x0 * (x1 * log(abs(-314.9892428270721 * (x0 * x1))) ** (-1.0)))))),8.0,47.0,7.0,8.0,8.0,1.0,8.0,1.0,1458.9398329844698,155.953125,2.0,7683.0,na,na,47.0,-0.0016724665952508537 * (292.42415431458545 + x1 + 0.0031747115902272137 * (x0 ** (-1.0) * x1 ** (-1.0) * ((39.54832653926522 + x1) * log(abs(-314.9892428270721 * (x0 * x1))))) + -240.49898207944213 * log(abs(-314.9892428270721 * (x0 * (x1 * log(abs(-314.9892428270721 * (x0 * x1))) ** (-1.0))))))
pagie,55,EPLEX,26,original,EPLEX,log(abs(log(abs(-0.876)))) / log(abs(exp(log(abs(0.607)) - (exp(log(abs(-0.826)) - exp(-0.896 - exp(((-0.697 - -1.0 * 0.118 ** 3.0) ** 3.0 - log(abs(-1.123))) ** 3.0 - log(abs(x0 ** 2.0))) ** 2.0)) ** 2.0 * exp(exp(log(abs(0.559)) * exp(log(abs(x1 ** 2.0)))))) ** 3.0) ** 2.0)),8.0,56.0,5.0,8.0,6.0,1.0,6.0,1.0,171.2970829976257,119.0625,2.0,72.0,na,na,40.0,-2.0220093000996027 / log(abs((0.607 / exp(((0.826 / exp(0.4081991952779227 / exp((0.9116651497153382 / exp(log(abs(x0 ** 2.0)))) ** 2.0))) ** 2.0 * exp(exp(-0.5816058058270378 * exp(log(abs(x1 ** 2.0)))))) ** 3.0)) ** 2.0))
kotanchek,205,SRjl,26,sympy,PySR,(0.027403656354302808 * x1 - 0.12069990779928053) * (x1 * (0.4454785549576585 * x0 - 2.8365201503978743 * x1 + 0.10838199940824038 * exp(x1) + 0.13267669843578556) - 1.134188032659344) * exp(-1.0 * (x0 - 1.1883794736981237) * (x0 - 0.8765025611709572)),9.0,35.0,7.0,9.0,8.0,1.0,8.0,1.0,7351.65183301433,220.796875,2.0,21007.0,na,na,31.0,0.01220774123327107 * (x1 * (x0 - 6.367355103474011 * x1 + 0.24329341604006458 * exp(x1) + 0.2978295968666687) - 2.545999173332026) * (x1 - 4.404518369328067) * exp((1.1883794736981237 - x0) * (x0 - 0.8765025611709572))
kotanchek,184,SRjl,5,original,PySR,exp((-1.5650412257786985 - x1 - x1) / 2.725807745015068) * ((x0 + 0.2515421021268282) * x1) * (exp((x0 / -0.6595888099113719 * x0 - x1 / 0.8882302129082629) / 2.725807745015068) * ((x0 * (x1 - -0.9190110064157119) * 0.22136372638482898 + (x1 + 1.3549310295276753)) * x1)),9.0,41.0,7.0,9.0,8.0,1.0,8.0,1.0,2964.625666005304,196.84375,2.0,1110.0,na,na,37.0,exp(-0.7337274624953215 * x1) * 0.5631795058023881 * ((x0 + 0.2515421021268282) * x1) * (exp(-0.41302775554826876 * (x1 + 1.34664233164843 * (x0 * x0))) * ((x0 * (x1 + 0.9190110064157119) * 0.22136372638482898 + (x1 + 1.3549310295276753)) * x1))
pagie,20,Bingo,20,original,Bingo,-0.00010507476032088567 * ((-819.22982975795 + x0 ** (-1.0) * (1.9180501896236644 - x1)) * log(abs(-61.64925975453745 * (-9.235869766393078 * (x0 * x1) + -1.0 * (-9.235869766393078 * -9.235869766393078 * (-9.235869766393078 * -9.235869766393078)) * (x0 * x0 * (x0 * x0) * (x1 * x1 * (x1 * x1))))))),9.0,43.0,3.0,9.0,5.0,2.0,5.0,2.0,336.2178749812301,129.203125,2.0,590.0,na,na,33.0,-0.00010507476032088567 * ((-819.22982975795 + x0 ** (-1.0) * (1.9180501896236644 - x1)) * log(abs(569.384534287446 * (x0 * x1 + 787.8316085019056 * ((x0 * x0) ** 2.0 * (x1 * x1) ** 2.0)))))
kotanchek,35,EPLEX,6,sympy,EPLEX,1.00000172800149 * exp((x0 * ((x0 * log(abs((-1.0 * x1 - 0.452 * exp(x0 + 0.0186726723867845 * x1 ** 3.0)) * exp(-1.0 * x0 - 0.0186726723867845 * x1 ** 3.0))) - 2.64651127063146 * exp(log(abs((1.66813890656534 - 0.688665232843956 * x1) * exp(-1.0 * x0))))) * exp(x0) + 0.279990389392548) * exp(x0) - 1.68991282952018) * exp(-2.0 * x0)),9.0,67.0,7.0,9.0,8.0,1.0,8.0,1.0,4714.716167014558,171.78125,2.0,8592.0,na,na,52.0,1.00000172800149 * exp((x0 * ((x0 * log(abs(-0.452 - exp(-0.0186726723867845 * x1 ** 3.0 - x0) * x1)) - 2.64651127063146 * exp(log(abs(0.688665232843956 * (2.422278382889299 - x1) * exp(-1.0 * x0))))) * exp(x0) + 0.279990389392548) * exp(x0) - 1.68991282952018) * exp(-2.0 * x0))
kotanchek,33,EPLEX,4,original,EPLEX,(0.002 + (0.192 * (-1.412 + log(abs(x0 * 0.268 - exp(-1.569))))) ** 2.0) * (x1 * (-0.008 + log(abs(x1 * 0.384 - exp(exp(-0.001))))) * 0.4 + 0.096),10.0,31.0,7.0,10.0,9.0,2.0,9.0,2.0,181.1329170013778,119.546875,2.0,59.0,na,na,29.0,0.014745600000000001 * ((x1 * (-0.008 + log(abs(0.384 * (x1 + -7.071787142314785)))) + 0.24) * ((-1.412 + log(abs(0.268 * (x0 + -0.7770646701367595)))) ** 2.0 + 0.054253472222222224))
kotanchek,33,EPLEX,4,sympy,EPLEX,(0.4 * x1 * (log(abs(0.384 * x1 - 2.71556626264888)) - 0.008) + 0.096) * (0.073497378816 * (0.708215297450425 * log(abs(0.268 * x0 - 0.208253331596652)) - 1.0) ** 2.0 + 0.002),10.0,33.0,7.0,10.0,9.0,2.0,9.0,2.0,188.39191700681113,120.640625,2.0,59.0,na,na,29.0,0.014745600000000005 * (((log(abs(0.268 * (x0 + -0.7770646701367612))) + -1.412) ** 2.0 + 0.05425347222222221) * ((log(abs(0.384 * (x1 + -7.0717871423147916))) + -0.008) * x1 + 0.24))
kotanchek,58,EPLEX,29,sympy,EPLEX,(0.93784259540159 - 0.761854261089838 * exp(x1 * (0.158 * x0 - 0.158 * x1 * (x0 - 0.0446708 * x1 * (x1 * (x0 + 0.792) - 0.087)) - 0.391))) * exp(-1.0 * (x0 - 0.996) * (x0 - 0.896393)),10.0,41.0,8.0,10.0,9.0,1.0,9.0,1.0,4874.3547500052955,221.515625,2.0,21427.0,na,na,37.0,-0.761854261089838 * (exp(x1 * (0.158 * (x0 + (0.0446708 * x1 * (x1 * (x0 + 0.792) + -0.087) - x0) * x1 + -2.4746835443037973))) + -1.2309999999999992) * exp((0.996 - x0) * (x0 + -0.896393))
kotanchek,192,SRjl,13,original,PySR,exp((x1 - 0.9749770010803096) / 0.3602520541304732 * ((x1 - 1.0905877212475377) * -0.10547334775316865)) * (x1 * x1 + exp(x1 * (x1 * -0.2764585325406506) / 0.15774000127710996)) * (exp(x0 * (x0 - -0.451418475300699 + x0) * x0 * -0.10547334775316865) * 0.23056264826328124) * (x0 + 0.34628722226816544),10.0,44.0,7.0,10.0,8.0,1.0,8.0,1.0,296.06016699108295,126.796875,2.0,1236.0,na,na,40.0,exp(-0.2927765339402316 * ((x1 - 1.0905877212475377) * (x1 - 0.9749770010803096))) * (x1 * x1 + exp(x1 * x1 * -1.7526215944108032)) * (exp(x0 * (x0 - -0.451418475300699 + x0) * x0 * -0.10547334775316865) * 0.23056264826328124) * (x0 + 0.34628722226816544)
kotanchek,192,SRjl,13,sympy,PySR,0.23056264826328124 * (x0 + 0.34628722226816544) * (x1 ** 2.0 * exp(1.7526215944108032 * x1 ** 2.0) + 1.0) * exp(-0.10547334775316865 * x0 ** 2.0 * (2.0 * x0 + 0.451418475300699) - 1.7526215944108032 * x1 ** 2.0 - (0.10547334775316865 * x1 - 0.1150279379784773) * (2.775834276403121 * x1 - 2.706374578303446)),10.0,51.0,7.0,10.0,8.0,1.0,8.0,1.0,2063.518541981466,168.203125,2.0,2080.0,na,na,37.0,(x1 ** 2.0 + exp(-1.7526215944108032 * x1 ** 2.0)) * exp(-0.2927765339402316 * ((x1 + -1.0905877212475377) * (x1 + -0.9749770010803095)) + -0.2109466955063373 * ((x0 + 0.2257092376503495) * x0 ** 2.0)) * (0.23056264826328124 * (x0 + 0.34628722226816544))
kotanchek,43,EPLEX,14,sympy,EPLEX,3.59180012268391 * log(abs(exp(exp(-0.230296875 * x0 ** 3.0)))) * exp(((x0 + log(abs(x1 + 0.71))) * (log(abs(x1 - log(abs(x1 + 0.912)) - 1.00142895121963)) + 0.0240880403827765) + 0.502459875) / (log(abs(x1 - log(abs(x1 + 0.912)) - 1.00142895121963)) + 0.0240880403827765)),10.0,52.0,1.0,10.0,7.0,6.0,7.0,6.0,174.03641701093875,118.25,2.0,65.0,na,na,33.0,3.59180012268391 * exp(-0.230296875 * x0 ** 3.0) * exp(0.502459875 / (log(abs(x1 - log(abs(x1 + 0.912)) + -1.00142895121963)) + 0.0240880403827765) + (x0 + log(abs(x1 + 0.71))))
pagie,47,EPLEX,18,original,EPLEX,exp(log(abs(0.256 * x1)) * 0.447 ** 2.0) / (exp(-1.0 * 0.916 ** 3.0) + (log(abs(log(abs(0.139 * x1)) * (0.383 / exp(0.14 * (log(abs(log(abs(x0 * (0.116 * x1) * x0)) * -0.439 * x1)) * log(abs(x0 * (exp(-1.0 * 1.01 ** 3.0) + log(abs(x1)))))))) ** 2.0 * x1)) * 0.385 / x0) ** 2.0),10.0,59.0,9.0,10.0,10.0,1.0,10.0,1.0,213.7796670140233,119.828125,2.0,244.0,na,na,59.0,exp(log(abs(0.256 * x1)) * 0.19980900000000001) / (0.4636731950126199 + (log(abs(log(abs(0.139 * x1)) * (0.383 / exp(0.14 * (log(abs(log(abs(x0 * (0.116 * x1) * x0)) * -0.439 * x1)) * log(abs(x0 * (0.3568995176449873 + log(abs(x1)))))))) ** 2.0 * x1)) * 0.385 / x0) ** 2.0)
pagie,47,EPLEX,18,sympy,EPLEX,x0 ** 2.0 * exp(0.199809 * log(abs(0.256 * x1))) / (0.46367319501262 * x0 ** 2.0 + 0.148225 * log(abs(0.146689 * x1 * log(abs(0.139 * x1)) * exp(-0.28 * log(abs(x0 * (log(abs(x1)) + 0.356899517644987))) * log(abs(-0.439 * x1 * log(abs(0.116 * x0 ** 2.0 * x1))))))) ** 2.0),10.0,67.0,9.0,10.0,10.0,1.0,10.0,1.0,689.938291994622,142.875,2.0,175.0,na,na,59.0,exp(0.199809 * log(abs(0.256 * x1))) / (0.46367319501262 + log(abs(0.146689 * x1 * log(abs(0.139 * x1)) * exp(-0.28 * log(abs(x0 * (log(abs(x1)) + 0.356899517644987))) * log(abs(-0.439 * x1 * log(abs(0.116 * x0 ** 2.0 * x1))))))) ** 2.0 / 6.746500252993759 / x0 ** 2.0)
kotanchek,30,EPLEX,1,sympy,EPLEX,-0.373321 * (x0 + 1.504) * (2.66666666666667 * x0 * log(abs(-1.0 * (0.79428117553614 * x0 * x1 - 0.678 * exp(x0)) * exp(-1.0 * x0))) - 0.357 * exp(x0)) * (1.10627664176342 * log(abs(-1.0 * (1.26582278481013 * x0 ** 2.0 - 0.703 * exp(x0)) * exp(-1.0 * x0))) - 0.151454358434797) * exp(-3.0 * x0),10.0,67.0,7.0,10.0,8.0,1.0,8.0,1.0,1397.138875006931,160.4375,2.0,1255.0,na,na,49.0,0.14743967987817494 * ((exp(x0) + log(abs(0.678 + -0.79428117553614 * (x1 * x0) * exp(-1.0 * x0))) * (x0 * -7.469654528478068)) * ((log(abs(0.703 + -1.26582278481013 * x0 ** 2.0 * exp(-1.0 * x0))) + -0.13690459756374923) * (x0 + 1.504))) * exp(-3.0 * x0)
pagie,52,EPLEX,23,original,EPLEX,log(abs(-1.0 * 0.426 ** 2.0 * log(abs(0.433)) - log(abs(log(abs(-0.601 * (-1.0 * 0.205 ** 3.0))) ** 2.0 * (x1 * (0.211 + ((x0 * (0.152 + 0.523)) ** 2.0 - -1.0 * 0.465 ** 2.0 * 0.128)) - (-0.608 + 0.559)))))),11.0,29.0,3.0,11.0,4.0,1.0,4.0,1.0,174.93116701371036,120.3125,2.0,34.0,na,na,17.0,log(abs(0.15189859708158246 - log(abs(12.62233429712414 * (x1 * (0.5238448285322359 + x0 ** 2.0) - -0.10754458161865553)))))
kotanchek,197,SRjl,18,original,PySR,exp(x1 * -0.8631793118974627) * x1 / 1.956899167813186 * (exp(((x0 - 0.03948916953537872) * (x0 + -1.2172800892692854) + x1) * -0.8631793118974627) * x1 * x1) * x1 * (x0 + 0.9808871412991315) / 2.9376443492774738 * (x0 * (exp(-0.9365830549076817) + -0.047194850402084584) + 2.8891190211280486 - -0.20903603962888914),11.0,41.0,6.0,11.0,7.0,1.0,7.0,1.0,405.0952499965206,135.625,2.0,758.0,na,na,35.0,0.05997383655076646 * ((8.986149794812901 + x0) * (x0 + 0.9808871412991315) * (exp(x1 * -0.8631793118974627) * x1)) * (x1 * (exp(((x0 + -0.03948916953537872) * (x0 + -1.2172800892692854) + x1) * -0.8631793118974627) * x1 * x1))
pagie,27,Bingo,27,original,Bingo,0.3423580139257516 * log(abs(0.45123069569900626 + x0 * (-1.0 * -0.4457591552950685 * (x1 ** (-1.0) * (24.139650704131938 + -0.8538385588541292 * (x1 * x1) + -6.699001432126425 * log(abs(-0.4457591552950685 * x1 ** (-1.0)))) ** (-1.0)) + x1 * (24.139650704131938 + -0.8538385588541292 * (x1 * x1) + -6.699001432126425 * log(abs(-0.4457591552950685 * x1 ** (-1.0))))))),11.0,41.0,7.0,11.0,10.0,3.0,10.0,3.0,2770.3045000089332,183.265625,2.0,7562.0,na,na,51.0,0.3423580139257516 * log(abs(0.45123069569900626 + x0 * ((-15.028298022711496 * log(abs(-0.4457591552950685 * x1 ** (-1.0))) + -1.9154706049479435 * (x1 ** 2.0 + -28.271914466509806)) ** (-1.0) * x1 ** (-1.0) + x1 * (-0.8538385588541292 * (x1 ** 2.0 + -28.271914466509806) + -6.699001432126425 * log(abs(-0.4457591552950685 * x1 ** (-1.0)))))))
kotanchek,198,SRjl,19,sympy,PySR,(0.0824717599335444 * x0 - 0.1402580296048392 * x1 * (0.1166605288237383 * x1 - 0.3889423006138937) * (1.863725397048531 * x1 - exp(x0 - x1) + 0.6913395485992673) + 0.11421930953845344 * x1) * exp(-0.6913395485992673 * (x0 - 0.348429581990042) * (1.410316792946743 * x0 - 2.0724889411426552)),11.0,43.0,8.0,11.0,9.0,1.0,9.0,1.0,1930.3093749913387,169.140625,2.0,8871.0,na,na,35.0,(x1 * (-0.016362575905476084 * (1.863725397048531 * x1 - exp(x0 - x1) + 0.6913395485992673) * (x1 + -3.3339665483733945) + 0.11421930953845344) + 0.0824717599335444 * x0) * exp(-0.9750077750177676 * ((x0 + -0.348429581990042) * (x0 + -1.4695201471808026)))
kotanchek,198,SRjl,19,original,PySR,exp((x0 + -1.4695201471808026) * 1.410316792946743 * (x0 + -0.348429581990042) * -0.6913395485992673) * 0.11421930953845344 * ((x1 * -0.1166605288237383 + 0.3889423006138937) * (x1 * (x1 + x1 * 0.8637253970485311 - (exp(x0 - x1) + -0.6913395485992673))) * 1.2279712613533134 + x0 * 0.7220474389733479 + x1),11.0,43.0,8.0,11.0,9.0,1.0,9.0,1.0,4040.353292017244,197.390625,2.0,965.0,na,na,35.0,0.08247175993354439 * (x1 * (1.3849505531407498 + -0.1984021672225865 * (x1 + -3.3339665483733945) * (1.863725397048531 * x1 - (exp(x0 - x1) + -0.6913395485992673))) + x0) * exp(-0.9750077750177676 * (x0 + -1.4695201471808026) * (x0 + -0.348429581990042))
kotanchek,205,SRjl,26,original,PySR,((x1 - (-1.1223483561279124 + 0.11938672268929733) + x1) * -0.013701828177151404 - -0.13444231576893154) * (x1 * (x1 - ((exp(x1 - 1.413487090635412) + (x0 + x1)) * -0.3474875232686879 + x1) * -1.2819987053555328 + x1 - 0.13267669843578556) - -1.134188032659344) * exp((1.1883794736981237 - x0) * (x0 + -0.8765025611709572)),11.0,43.0,7.0,11.0,8.0,1.0,8.0,1.0,14113.410792022478,207.703125,2.0,13973.0,na,na,33.0,0.006103870616635536 * (x1 * (-6.367355103474011 * x1 + (0.2432934160400646 * exp(x1) + x0) - -0.2978295968666687) - 2.5459991733320257) * (-8.809036738656134 + 2.0 * x1) * exp((1.1883794736981237 - x0) * (x0 + -0.8765025611709572))
pagie,58,EPLEX,29,sympy,EPLEX,2.2818807653293 - 1.0 * log(abs(0.235 + 0.078310985281 * log(abs(-1.0 * exp(-1.0 * x0 ** 2.0 + log(abs(log(abs(0.897 - 0.164047378003738 * exp(log(abs(-0.003 - 0.276544027789322 / x1)))))))) - 0.155)) ** 4.0 * exp(1.48145233407848 * exp(-0.658 / x1 ** 2.0)) / log(abs(-0.035)) ** 2.0)) ** 2.0,11.0,59.0,9.0,11.0,10.0,1.0,10.0,1.0,224.4449169957079,120.5,2.0,100.0,na,na,47.0,2.2818807653293 - log(abs(0.235 + 0.006968016239569429 * exp(1.48145233407848 * exp(-0.658 / x1 ** 2.0)) * log(abs(-0.155 - exp(log(abs(log(abs(0.897 - 0.164047378003738 * exp(log(abs(-0.003 - 0.276544027789322 / x1))))))) - x0 ** 2.0))) ** 4.0)) ** 2.0
pagie,54,EPLEX,25,original,EPLEX,exp(-1.0 * 0.772 ** 2.0) - (-0.16 + exp(log(abs(-0.598)) * (x1 - (x1 - exp(log(abs(log(abs(log(abs(x0 * (-1.0 * 0.413 ** 3.0))) * (-1.0 * 0.543 ** 3.0))) + exp(-0.33 * (0.032 + (x1 - x1 * (exp(log(abs(exp(log(abs(exp(log(abs(x0 * (-1.0 * 0.371 ** 2.0))))))) * (-1.0 * 0.774 ** 2.0)))) * (-1.0 * 0.543 ** 2.0))) ** 2.0 - log(abs(x0 * (-1.0 * 0.735 ** 3.0))))) ** 2.0))) ** 2.0)) ** 2.0) ** 3.0),11.0,69.0,7.0,11.0,10.0,3.0,10.0,3.0,6737.6229589863215,189.796875,2.0,14089.0,na,na,56.0,0.7110200952423344 - exp(-0.5141645250315053 * (exp(log(abs(log(abs(log(abs(x0 * -0.070444997)) * -0.16010300700000005)) + exp(-0.33 * ((x1 - x1 * (exp(log(abs(exp(log(abs(x0 * -0.13764099999999999))) * -0.599076))) * -0.294849)) ** 2.0 - -0.032 - log(abs(x0 * -0.397065375)))) ** 2.0))) ** 2.0) ** 2.0) ** 3.0
pagie,38,EPLEX,9,sympy,EPLEX,log(abs(log(abs(0.216491281687613 * (x1 - 0.012) ** 2.0 * exp(2.0 * log(abs(0.505521))) / ((x0 - 0.016581375 * (x0 + 0.162) ** 3.0) ** 2.0 * (x1 * (x1 - 0.012) + 0.099892716042323 * exp(log(abs(-1.0 * exp(log(abs(0.666 / (x0 - log(abs(exp(log(abs(0.746))))) ** 9.0)))) / (x0 - 0.024389 * (x0 - 0.717) ** 3.0))))) ** 2.0))))),11.0,71.0,8.0,11.0,9.0,1.0,9.0,1.0,3967.094958992675,184.921875,2.0,3400.0,na,na,53.0,log(abs(log(abs(20165.550797917098 * (x1 - 0.012) ** 2.0 / ((exp(log(abs(exp(log(abs(0.666 / x0))) / ((x0 - 0.717) ** 3.0 / 41.00209110664644 - x0)))) + x1 * (x1 - 0.012) / 0.099892716042323) ** 2.0 * (x0 / -0.016581375 - (-0.162 - x0) ** 3.0) ** 2.0)))))
pagie,43,EPLEX,14,original,EPLEX,1.978 - exp(x1 ** 3.0 * log(abs(1.562)) - exp(x1 - (exp(0.728 * log(abs(0.875)) - exp(log(abs(x1 ** 3.0 * (x0 ** 2.0 * log(abs(1.018)) - exp(log(abs(1.937)) - exp(x1))))) - exp(log(abs(1.683))))) / x1) ** 2.0)) - exp(log(abs(1.886)) * 1.807 - exp(log(abs(1.557)) * (log(abs(1.333)) + x0 ** 2.0))),11.0,72.0,8.0,11.0,9.0,1.0,9.0,1.0,314.28612500894815,122.296875,2.0,588.0,na,na,51.0,1.978 - exp(x1 ** 3.0 * 0.44596705141749426 - exp(x1 - (exp(-0.18581569195612965 * exp(log(abs(x1 ** 3.0 * (x0 ** 2.0 * 0.017839918128331016 - 1.937 / exp(exp(x1))))))) * (0.9073646646460994 / x1)) ** 2.0)) - exp(1.146465938869757 - exp(0.44276089285186127 * (0.28743204119657156 + x0 ** 2.0)))
pagie,43,EPLEX,14,sympy,EPLEX,-1.0 * exp(x1 ** 3.0 * log(abs(1.562)) - exp((x1 ** 3.0 - exp(1.456 * log(abs(0.875)) - 2.0 * exp(log(abs(x1 ** 3.0 * (x0 ** 2.0 * log(abs(1.018)) - exp(log(abs(1.937)) - exp(x1))))) - exp(log(abs(1.683)))))) / x1 ** 2.0)) - exp(1.807 * log(abs(1.886)) - exp((x0 ** 2.0 + log(abs(1.333))) * log(abs(1.557)))) + 1.978,11.0,78.0,8.0,11.0,9.0,1.0,9.0,1.0,3406.1802919895854,174.046875,2.0,2465.0,na,na,53.0,1.978 - exp(x1 ** 3.0 * 0.44596705141749426 - exp((x1 ** 3.0 + -0.8233106346483285 * exp(-0.3716313839122593 * exp(log(abs(x1 ** 3.0 * (x0 ** 2.0 * 0.017839918128331016 - 1.937 / exp(exp(x1)))))))) / x1 ** 2.0)) - 3.147051361937354 / exp(exp((x0 ** 2.0 + 0.28743204119657156) * 0.44276089285186127))
pagie,17,Bingo,17,sympy,Bingo,-1.0 * (0.00015170797954567304 * x1 - 0.33614124518018773) * log(-1.0 * (2.0 * x1 - 7480.59586126575 * (x0 * x1 * (0.00015170797954567304 * x1 - 0.33614124518018773) - 1.7540433728398699e-06 * x1 + 0.0038864555787518342) ** 2.0) / (86.49043797591587 * x0 * x1 * (0.00015170797954567304 * x1 - 0.33614124518018773) - 0.00015170797954567304 * x1 + 0.33614124518018773)),12.0,23.0,4.0,12.0,7.0,3.0,7.0,3.0,9686.2286250107,189.78125,2.0,13393.0,na,na,32.0,(-0.00015170797954567304 * x1 - -0.33614124518018773) * log((8.608412032247477e-05 * (x1 * ((x1 - 2215.712358617164) * x0 + -0.011561971743956945)) ** 2.0 - x1) * (152.42404227624837 / (x0 * x1 * (x1 - 2215.712358617164))))
kotanchek,203,SRjl,24,sympy,PySR,(-0.7330341374049288 * x1 * (1.1635766746115828 * x0 * (x0 - 1.096491354684671 * x1 + 0.09649135468467125 * exp(x1) + 0.065716650770683) - 3.3628776435387486 * x0 - x1 + 0.5423590312635699) - 0.02765235981387666 * x1 + 0.02765235981387666 * exp(x0 ** 2.0) + 0.02765235981387666 * exp(x1) + 0.09299150260917513) / (-1.0 * x1 + exp(x0 ** 2.0) + exp(x1) + 3.3628776435387486),12.0,62.0,7.0,12.0,8.0,1.0,8.0,1.0,21842.282333003823,205.59375,2.0,15866.0,na,na,38.0,-0.8529414239783971 * (x1 * (x0 * (-2.824404573652556 + (x0 + x1 / -0.9119998946891651 + exp(x1) / 10.363622764629516)) + x1 / -1.1635766746115828 + 0.4661137019136418)) / (exp(x1) - x1 + exp(x0 ** 2.0) + 3.3628776435387486) + 0.02765235981387666
pagie,49,EPLEX,20,original,EPLEX,exp(0.305 * log(abs(log(abs(log(abs(-0.286)))) * x1 * x0))) + 0.36 + log(abs(-0.045 * x1 * x0)) * (0.122 - exp(0.314 * log(abs(exp(log(abs((0.4 - log(abs(x1 * log(abs(-0.035))))) * x1 * x0 * (-0.029 * log(abs((-1.0 * 0.25 ** 2.0 - log(abs(-0.17))) * x0)))))) * -0.136)))),12.0,66.0,9.0,12.0,11.0,2.0,11.0,2.0,381.683083018288,121.34375,2.0,267.0,na,na,52.0,exp(0.305 * log(abs(0.22455333163660882 * x1 * x0))) + 0.36 + log(abs(-0.045 * x1 * x0)) * (0.122 - exp(0.314 * log(abs(exp(log(abs((0.4 - log(abs(x1 * -3.3524072174927233))) * x1 * x0 * (-0.029 * log(abs(1.7094568419318752 * x0)))))) * -0.136))))
pagie,49,EPLEX,20,sympy,EPLEX,-1.0 * (exp(0.314 * log(abs(-0.136 * exp(log(abs(0.029 * x0 * x1 * (log(abs(x1 * log(abs(-0.035)))) - 0.4) * log(abs(-1.0 * x0 * (log(abs(-0.17)) + 0.0625))))))))) - 0.122) * log(abs(-0.045 * x0 * x1)) + exp(0.305 * log(abs(x0 * x1 * log(abs(log(abs(-0.286))))))) + 0.36,12.0,70.0,9.0,12.0,11.0,2.0,11.0,2.0,342.38175000064075,123.765625,2.0,260.0,na,na,52.0,exp(0.305 * log(abs(x0 * x1 * 0.22455333163660882))) - log(abs(-0.045 * x0 * x1)) * (exp(0.314 * log(abs(-0.136 * exp(log(abs(0.029 * x0 * x1 * (log(abs(x1 * -3.3524072174927233)) + -0.4) * log(abs(1.7094568419318752 * x0)))))))) + -0.122) + 0.36
kotanchek,58,EPLEX,29,original,EPLEX,(0.439 + (0.792 - exp(x1 * (x0 - x1 * (x0 - x1 * (0.087 - x1 * (x0 + 0.792)) * (0.724 * (0.1 * -0.617)))) * 0.158 - x1 * 0.391))) * exp(-0.272 - (x0 - -1.139 * -0.787) * (x0 - 0.996)),13.0,41.0,8.0,13.0,9.0,1.0,9.0,1.0,5944.148375012446,232.484375,2.0,22376.0,na,na,37.0,(1.231 - exp(x1 * (0.158 * (x0 - 2.4746835443037973 - x1 * (x0 - x1 * (0.087 - x1 * (x0 + 0.792)) * -0.044670800000000004))))) * exp(-0.272 - (x0 + -0.896393) * (x0 + -0.996))
kotanchek,199,SRjl,20,original,PySR,((x1 / 0.24020217062010246 - exp((0.3439885741666508 - (x1 - 0.9074669493168073) * (x1 - 0.9074669493168073)) / 0.5265567407010389) - (exp(x1 + -1.310249982230761) - 1.9459994320156533)) * (exp(x0 - -0.2675077718636208) + x0) / (exp(x0 * x0) / 1.351714069625226 + 2.611734354409015) - -0.2675077718636208 + -0.13108935473065172) * 0.07960520452659406,13.0,45.0,9.0,13.0,10.0,1.0,10.0,1.0,2389.4405829778407,165.1875,2.0,3948.0,na,na,39.0,0.1076034749739909 * ((4.163159714245772 * x1 - exp(1.8991305641033778 * (0.3439885741666508 - (x1 + -0.9074669493168073) ** 2.0)) + -0.2697526145950635 * (exp(x1) + -7.2140150891099655)) * ((exp(x0 + 0.2675077718636208) + x0) / (exp(x0 * x0) + 3.5303180729782215)) + 0.10092253990578956)
kotanchek,124,Operon,5,sympy,Operon,(-2.201367937413991 * x0 * x1 * (0.006681275089699639 * x1 - 0.0298569388687611) * (4.6947760581970215 * x1 - exp(0.681245744228363 * x1)) * (15.17734146118164 * x0 * exp(5.357511043548584 * x0) + 1.0) * exp(0.0447766110301018 * x0) + 0.9997506737709045 * exp(7.688884496688843 * x0) - 0.8705414639299889 * exp(7.7336611077189445 * x0)) * exp(-7.7336611077189445 * x0),13.0,59.0,10.0,13.0,11.0,1.0,11.0,1.0,3769.3682910175994,190.046875,2.0,2718.0,na,na,46.0,-0.8705414639299889 + (-0.22322749986795287 * ((x1 + -4.468748624763382) * x0 * (exp(5.357511043548584 * x0) * x0 + 0.06588769202812311)) * x1 * (4.6947760581970215 * x1 - exp(0.681245744228363 * x1)) * exp(0.0447766110301018 * x0) + 0.9997506737709045 * exp(7.688884496688843 * x0)) * exp(-7.7336611077189445 * x0)
kotanchek,143,Operon,24,sympy,Operon,(0.9998849630355835 * (exp(0.0044344896450639 * x1) - 0.9905131459236145) * (exp(0.2363450229167938 * x1 + exp(exp(1.167383074760437 * x1 - exp(0.4206682443618774 * x1)))) + 1.0) * exp(1.9999943971633911 * x0 - 0.0865126922726631 * x1) + 1.09874044938e-05 * exp(1.0000055860600643 * x0 ** 2.0 + 0.2363450229167938 * x1)) * exp(-1.0000055860600643 * x0 ** 2.0 - 0.2363450229167938 * x1),13.0,61.0,10.0,13.0,11.0,1.0,11.0,1.0,2516.7952090268955,160.421875,2.0,1179.0,na,na,48.0,1.09874044938e-05 + 0.9998849630355835 * (exp(0.0044344896450639 * x1) + -0.9905131459236145) * (exp(0.2363450229167938 * x1 + exp(exp(1.167383074760437 * x1 - exp(0.4206682443618774 * x1)))) + 1.0) * exp(1.9999943971633911 * x0 + -0.0865126922726631 * x1) * exp(-1.0000055860600643 * (x0 ** 2.0 + 0.23634370268667476 * x1))
kotanchek,41,EPLEX,12,sympy,EPLEX,(1.196836 * x1 * exp(2.0 * x1) + 0.466441874454423) * exp(-2.0 * x1) / (exp(0.0108893243606189 * (x1 - 0.272) ** 2.0 * (x1 - 0.212) ** 2.0 + 0.206851598173516 * exp(x0)) + 0.946 * exp(1.274641 * (0.885739592559787 * x0 - 1.0) ** 2.0 - log(abs((-0.231 * exp(x0 * (1.0 * x0 - 2.258)) - 0.0793868897531823) * exp(x0 * (2.258 - 1.0 * x0)))))),13.0,72.0,10.0,13.0,11.0,1.0,11.0,1.0,1464.481208997313,159.609375,2.0,8068.0,na,na,52.0,(x1 + exp(-2.0 * x1) / 2.565884551853085) / 0.8355363642136433 / (exp(0.0108893243606189 * (x1 + -0.272) ** 2.0 * (x1 + -0.212) ** 2.0 + exp(x0) / 4.834383726448935) + exp((x0 + -1.1290000000000007) ** 2.0 - log(abs(-0.231 + -0.0793868897531823 * exp(x0 * (2.258 - x0))))) / 1.0570824524312896)
pagie,34,EPLEX,5,sympy,EPLEX,0.0812 * log(abs(0.267 * x1)) + 0.203 * log(abs(log(abs(0.362 * log(abs(exp(log(abs(x0 ** 3.0))) + 0.423)))) - 13.4099906492963 * exp(log(abs(x0 * (x0 - 0.142)))) + 0.644)) + 0.203 * exp(1.51740251293508 * exp(log(abs(0.277729 * exp(1.09526900525847 * exp(log(abs(0.357 * x1)) ** 3.0)))) ** 3.0)) + 0.0618744,14.0,65.0,11.0,14.0,13.0,2.0,13.0,2.0,1123.7905409943778,150.15625,2.0,5468.0,na,na,63.0,0.203 * (exp(1.51740251293508 * exp(log(abs(0.277729 * exp(1.09526900525847 * exp(log(abs(0.357 * x1)) ** 3.0)))) ** 3.0)) + (log(abs(log(abs(0.362 * log(abs(exp(log(abs(x0 ** 3.0))) + 0.423)))) + -13.4099906492963 * exp(log(abs(x0 * (x0 + -0.142)))) + 0.644)) + 0.39999999999999997 * log(abs(0.267 * x1)))) + 0.0618744
pagie,38,EPLEX,9,original,EPLEX,log(abs(log(abs((-0.382 / ((-0.255 * (-0.162 - x0)) ** 3.0 - x0) / (-0.821 / (exp(log(abs(0.711 ** 2.0))) / (-0.133 / (0.697 / (-0.352 / (0.82 ** 2.0 / (exp(log(abs(exp(log(abs(-0.666 / ((log(abs(exp(log(abs(0.746))))) ** 3.0) ** 3.0 - x0)))) / ((-0.29 * (0.717 - x0)) ** 3.0 - x0)))) / (0.012 - x1))))) - x1)))) ** 2.0)))),14.0,83.0,8.0,14.0,9.0,1.0,9.0,1.0,3716.260916000465,177.484375,2.0,77.0,na,na,47.0,log(abs(log(abs((0.23521196345919612 / ((-0.255 * (-0.162 - x0)) ** 3.0 - x0) / (0.09989271604232298 / ((0.012 - x1) / exp(log(abs(exp(log(abs(-0.666 / (-1.5929585714187376e-05 - x0)))) / ((-0.29 * (0.717 - x0)) ** 3.0 - x0))))) - x1)) ** 2.0))))
pagie,59,EPLEX,30,original,EPLEX,exp(log(abs(log(abs(log(abs((exp(log(abs(log(abs(x0 / (-1.206 / x1))) - 0.02 * -0.823))) + (-1.0 * 1.052 ** 2.0) ** 2.0) / (exp(log(abs(log(abs(log(abs(log(abs(log(abs(-0.892 / (-0.928 / (exp(log(abs(log(abs(log(abs(-0.621 / (-0.463 / (x1 / -0.848))))))))) / (x1 / (log(abs(log(abs(-0.985 / (x0 / -0.606))))) / (x0 / 0.057)))))))))))))))) / (x1 / (-1.265 / (x0 / 0.06))))))))))),14.0,89.0,6.0,14.0,7.0,1.0,7.0,1.0,641.4131670026109,130.84375,2.0,447.0,na,na,63.0,exp(log(abs(log(abs(log(abs((exp(log(abs(log(abs(x0 / -1.206 * x1)) + 0.01646))) + 1.2247937436160004) / (exp(log(abs(log(abs(log(abs(log(abs(log(abs(0.05478879310344828 / (x1 / (log(abs(log(abs(0.5969099999999999 / x0)))) / x0) / exp(log(abs(log(abs(log(abs(-1.5816659195566243 * x1))))))))))))))))))) / (x1 / -0.0759 * x0)))))))))
pagie,54,EPLEX,25,sympy,EPLEX,0.711020095242334 - 1.0 * exp(3.0 * log(abs(-0.598)) * exp(4.0 * log(abs(log(abs(-0.160103007 * log(abs(-0.070444997 * x0)))) + 0.979101465343806 * exp(-0.05737771564866 * x1 ** 2.0 * exp(2.0 * log(abs(-0.599076 * exp(log(abs(exp(log(abs(-0.137641 * x0))))))))) - 0.38920068 * x1 ** 2.0 * exp(log(abs(-0.599076 * exp(log(abs(exp(log(abs(-0.137641 * x0))))))))) - 0.66 * x1 ** 2.0 + 0.66 * log(abs(-0.397065375 * x0))))))),14.0,100.0,7.0,14.0,13.0,6.0,13.0,6.0,4220.313042023918,165.6875,2.0,6607.0,na,na,68.0,0.711020095242334 - exp(-1.542493575094516 * exp(4.0 * log(abs(log(abs(-0.160103007 * log(abs(-0.070444997 * x0)))) + 0.979101465343806 * exp(x1 ** 2.0 * (-0.38920068 * exp(log(abs(-0.599076 * exp(log(abs(-0.137641 * x0)))))) + exp(2.0 * log(abs(-0.599076 * exp(log(abs(-0.137641 * x0)))))) * -0.05737771564866) - 0.66 * (x1 ** 2.0 - log(abs(-0.397065375 * x0))))))))
kotanchek,122,Operon,3,sympy,Operon,((-1.351215409826481e-06 * x1 + 1.4371197494e-06 * exp(0.3769945502281189 * x1)) * exp(1.0000002160854038 * x0 ** 2.0) - (0.00828961069748217 * x1 + 1.0000287294387817 * (0.9402246475219727 * x1 - exp(0.3769945502281189 * x1)) * (exp(0.0002179348812206 * x1) - 1.004889965057373) + 0.04449209985590222) * exp(2.000000476837158 * x0)) * exp(-1.0000002160854038 * x0 ** 2.0) / (0.9402246475219727 * x1 - exp(0.3769945502281189 * x1)),15.0,66.0,10.0,15.0,11.0,1.0,11.0,1.0,10527.95633400092,218.375,2.0,18448.0,na,na,50.0,1.4371197493999998e-06 * (-1.0 + exp(-1.0 * x0 ** 2.0) * (exp(2.000000476837158 * x0) * (x1 + (exp(0.0002179348812206 * x1) - 1.004889965057373) * (0.9402246475219727 * x1 - exp(0.3769945502281189 * x1)) * 120.63639245960292 + 5.367212222573485)) * -5768.211522347458 * (-1.0 / (exp(0.3769945502281189 * x1) + -0.9402246475219729 * x1)))
kotanchek,37,EPLEX,8,sympy,EPLEX,2.02043735428491 * (x1 * ((0.691615148996052 * x0 - 2.18523287173646) * exp(0.828 * x0) + 0.691615148996052 * E) * exp(-1.0 * (0.369 * x0 * exp(exp(0.936 * x0)) + 0.369 * E) * exp(-1.0 * exp(0.936 * x0)) + log(abs(1.00803208550427 - 0.213 * x1))) + 0.703521388433011 * log(abs(-0.877)) * exp(0.828 * x0)) ** 2.0 * exp(-1.656 * x0),15.0,67.0,9.0,15.0,10.0,1.0,10.0,1.0,4288.55008399114,172.015625,2.0,5708.0,na,na,51.0,0.017226112738048666 * (exp(0.828 * x0) + exp(-0.369 * (x0 + exp(-1.0 * exp(0.936 * x0)) * E) + log(abs(-0.213 * (x1 + -4.7325450023674644)))) * (x1 * ((E + exp(0.828 * x0) * (x0 + -3.1596081649000056)) * -7.490202332560748))) ** 2.0 * exp(-1.656 * x0)
pagie,58,EPLEX,29,original,EPLEX,exp(0.825) - log(abs(0.235 + ((0.529 * log(abs(0.42 - 0.575 - exp(log(abs(log(abs(0.314 + 0.583 - exp(log(abs(-0.003 + -0.575 / exp(0.732) / x1)) - exp(0.592)))))) - x0 ** 2.0)))) ** 2.0 * (exp(exp(exp(-0.032) + (0.732 / -0.577 - 0.658 / x1 / x1))) / log(abs(-0.035)))) ** 2.0)) ** 2.0,16.0,55.0,9.0,16.0,10.0,1.0,10.0,1.0,224.50458398088813,120.03125,2.0,121.0,na,na,49.0,2.2818807653293036 - log(abs(0.235 + (-0.08347464429136209 * exp(exp(-0.30012426714090656 - 0.658 / x1 / x1)) * log(abs(-0.15499999999999997 - exp(log(abs(log(abs(0.897 - exp(log(abs(-0.003 + -0.27654402778932236 / x1)) - 1.8076000026120045))))) - x0 ** 2.0))) ** 2.0) ** 2.0)) ** 2.0
pagie,46,EPLEX,17,original,EPLEX,exp(0.168 * ((-0.084 + ((x0 * -0.358) ** 2.0 - 0.794)) / (0.458 * (x0 * (-0.52 + (-0.467 + -0.961 / (-0.144 + ((-0.799 / (-0.608 * x0) ** 2.0) ** 3.0 - 0.955)) ** 2.0)))) ** 2.0)) + exp(0.548 ** 3.0 * ((-0.49 / (x1 * -0.786) ** 2.0 - 0.617) / x1 ** 2.0)) ** 3.0,16.0,67.0,6.0,16.0,8.0,2.0,8.0,2.0,401.3942909950856,128.75,2.0,77.0,na,na,48.0,exp(0.10264655517629337 * (-6.850597671733092 + x0 ** 2.0) / (x0 * (-0.9870000000000001 + -0.961 / (-1.099 + (-2.1614222645429364 / x0 ** 2.0) ** 3.0) ** 2.0)) ** 2.0) + (exp(-0.1305246878905011 / x1 ** 2.0 / x1 ** 2.0) * exp(-0.10153758726400003 / x1 ** 2.0)) ** 3.0
kotanchek,149,Operon,30,sympy,Operon,((0.0002122125961842825 * x1 - 0.0002253897109767 * exp(0.3773067891597748 * x1)) * exp(0.5447754859924316 * x0 + exp(0.6602987051010132 * x0) + exp(1.1763114929199219 * x0)) + ((1.3680722417486635 - 0.9994593262672424 * exp(0.6509695649147034 * x0)) * exp(exp(1.1763114929199219 * x0)) - 1.137056359314377) * exp(exp(0.0994609072804451 * x1))) * exp(-0.5447754859924316 * x0 - exp(0.6602987051010132 * x0) - exp(1.1763114929199219 * x0)) / (0.9415363073348999 * x1 - exp(0.3773067891597748 * x1)),17.0,43.0,11.0,17.0,13.0,2.0,13.0,2.0,2943.4273340157233,170.453125,2.0,5569.0,na,na,54.0,(x1 + -1.0620939332977892 * exp(0.3773067891597748 * x1) + -5358.100224771638 * (exp(-0.5447754859924316 * x0 - exp(0.6602987051010132 * x0)) * exp(exp(0.0994609072804451 * x1))) * (exp(-1.0 * exp(1.1763114929199219 * x0)) + (exp(0.6509695649147034 * x0) + -1.3688123226165771) * 0.8789883791423471)) * (0.0002122125961842825 / (0.9415363073348999 * x1 - exp(0.3773067891597748 * x1)))
kotanchek,43,EPLEX,14,original,EPLEX,log(abs(exp(exp((-0.425 * x0) ** 3.0) ** 3.0))) / exp(-1.0 * 1.445 ** 2.0 / (0.951 - -1.0 * 0.668 ** 3.0) - (-0.003 + log(abs(x1 + 0.327 + 0.383))) - (-0.39 + -1.0 * 0.795 ** 3.0 / (-1.0 * 0.668 ** 2.0 / (1.455 - (-0.004 + -1.0 * 0.448 ** 3.0)) - (-0.264 + log(abs(x1 - exp((-0.273 * -0.286) ** 3.0) ** 3.0 - log(abs(x1 + 0.912))))))) - x0),17.0,48.0,1.0,17.0,7.0,6.0,7.0,6.0,385.55099998484366,125.796875,2.0,119.0,na,na,35.0,exp((-0.425 * x0) ** 3.0) ** 3.0 * exp(1.2786535037591642 + log(abs(0.71 + x1)) + -0.5024598750000001 / (-0.024088040382776454 - log(abs(x1 + -1.0014289512196342 - log(abs(x1 + 0.912))))) + x0)
pagie,34,EPLEX,5,original,EPLEX,(-0.4 * (-0.762 - log(abs(x1 * 0.267))) + (exp(exp(log(abs(exp(exp(log(abs(x1 * (0.227 + 0.13))) ** 3.0 + (-0.002 + 0.093))) * 0.527 ** 2.0)) ** 3.0 + (0.311 + 0.106))) + log(abs(0.644 + log(abs(log(abs(0.423 + exp(log(abs(x0 ** 3.0))))) * 0.362)) - exp(0.801 + (1.795 + log(abs((x0 - 0.142) * x0)))))))) * 0.203,17.0,67.0,11.0,17.0,13.0,2.0,13.0,2.0,1718.7121250026394,156.34375,2.0,4775.0,na,na,63.0,(-0.4 * (-0.762 - log(abs(x1 * 0.267))) + (exp(exp(log(abs(exp(exp(log(abs(x1 * 0.357)) ** 3.0 + 0.091)) * 0.277729)) ** 3.0 + 0.417)) + log(abs(0.644 + log(abs(log(abs(0.423 + exp(log(abs(x0 ** 3.0))))) * 0.362)) + -13.409990649296255 * exp(log(abs((x0 + -0.142) * x0))))))) * 0.203
